Workbook

Sheet PCIe代际与通道带宽
A1: PCIe 3.0 ~ 7.0 代际传输速率与各通道配置带宽对照表 (PCI Express Bandwidth Matrix)
A2: 涵盖 x1 / x2 / x4 / x8 / x16 通道配置下的单向与双向传输带宽，提供标称理论速率与编码后理论净负载速率
A4: 【表 1.1】PCIe 各代际标称理论传输速率矩阵 (Nominal Bandwidth, GB/s)
A5: PCIe 版本 | B5: 发布年份 | C5: 对应AI算力时代 | D5: 物理传输速率 (GT/s) | E5: 信号调制与编码 | F5: 单向标称传输带宽 (GB/s) | K5: 双向标称传输带宽 (Duplex, GB/s) | P5: 典型硬件与AI互联应用场景说明
F6: x1 | G6: x2 | H6: x4 | I6: x8 | J6: x16 | K6: x1 | L6: x2 | M6: x4 | N6: x8 | O6: x16
A7: PCIe 1.0* | B7: 2003 | C7: 早期历史参考 | D7: 2.5 | E7: 8b/10b NRZ | F7: 0.25 | G7: =F7*2 -> 0.5 | H7: =F7*4 -> 1 | I7: =F7*8 -> 2 | J7: =F7*16 -> 4 | K7: =F7*2 -> 0.5 | L7: =G7*2 -> 1 | M7: =H7*2 -> 2 | N7: =I7*2 -> 4 | O7: =J7*2 -> 8 | P7: 早期外设接口；现已被完全淘汰 (历史参考行)
A8: PCIe 2.0* | B8: 2007 | C8: 早期历史参考 | D8: 5 | E8: 8b/10b NRZ | F8: 0.5 | G8: =F8*2 -> 1 | H8: =F8*4 -> 2 | I8: =F8*8 -> 4 | J8: =F8*16 -> 8 | K8: =F8*2 -> 1 | L8: =G8*2 -> 2 | M8: =H8*2 -> 4 | N8: =I8*2 -> 8 | O8: =J8*2 -> 16 | P8: 早期千兆/万兆网卡与主板芯片组互联 (历史参考行)
A9: PCIe 3.0 | B9: 2010 | C9: Pascal / Volta (2016-2018) | D9: 8 | E9: 128b/130b NRZ | F9: 1 | G9: =F9*2 -> 2 | H9: =F9*4 -> 4 | I9: =F9*8 -> 8 | J9: =F9*16 -> 16 | K9: =F9*2 -> 2 | L9: =G9*2 -> 4 | M9: =H9*2 -> 8 | N9: =I9*2 -> 16 | O9: =J9*2 -> 32 | P9: Tesla P100/V100 主机总线；CX-4/CX-5 100G 网卡主机接口；Gen3 NVMe SSD
A10: PCIe 4.0 | B10: 2017 | C10: Ampere (2020) | D10: 16 | E10: 128b/130b NRZ | F10: 2 | G10: =F10*2 -> 4 | H10: =F10*4 -> 8 | I10: =F10*8 -> 16 | J10: =F10*16 -> 32 | K10: =F10*2 -> 4 | L10: =G10*2 -> 8 | M10: =H10*2 -> 16 | N10: =I10*2 -> 32 | O10: =J10*2 -> 64 | P10: A100 主机总线；CX-6 200G 网卡主机接口；Gen4 NVMe SSD (7GB/s 读取)
A11: PCIe 5.0 | B11: 2019 | C11: Hopper (2022) | D11: 32 | E11: 128b/130b NRZ | F11: 4 | G11: =F11*2 -> 8 | H11: =F11*4 -> 16 | I11: =F11*8 -> 32 | J11: =F11*16 -> 64 | K11: =F11*2 -> 8 | L11: =G11*2 -> 16 | M11: =H11*2 -> 32 | N11: =I11*2 -> 64 | O11: =J11*2 -> 128 | P11: H100/H800 主机总线；CX-7 400G 网卡主机接口；Gen5 NVMe SSD (14GB/s 读取)
A12: PCIe 6.0 | B12: 2022 | C12: Blackwell (2024) | D12: 64 | E12: PAM4 FLIT (256B) | F12: 8 | G12: =F12*2 -> 16 | H12: =F12*4 -> 32 | I12: =F12*8 -> 64 | J12: =F12*16 -> 128 | K12: =F12*2 -> 16 | L12: =G12*2 -> 32 | M12: =H12*2 -> 64 | N12: =I12*2 -> 128 | O12: =J12*2 -> 256 | P12: B200/GB200 主机总线；CX-8 800G 网卡主机接口；CXL 3.0/3.1 内存池化总线
A13: PCIe 7.0 | B13: 2025 | C13: Rubin (2026+) | D13: 128 | E13: PAM4 FLIT (256B) | F13: 16 | G13: =F13*2 -> 32 | H13: =F13*4 -> 64 | I13: =F13*8 -> 128 | J13: =F13*16 -> 256 | K13: =F13*2 -> 32 | L13: =G13*2 -> 64 | M13: =H13*2 -> 128 | N13: =I13*2 -> 256 | O13: =J13*2 -> 512 | P13: Rubin R100 主机总线；CX-9 1.6T 网卡主机接口；超高吞吐 AI 加速芯片互联
A15: 【表 1.2】PCIe 各版本理论有效载荷净速率对照表 (Effective Payload Bandwidth Matrix, GB/s)
A16: PCIe 版本 | B16: 物理速率 (GT/s) | C16: 编码协议与物理开销 | D16: 理论物理 编码效率 | E16: 单向理论有效载荷净速率 (GB/s) | J16: 双向理论有效载荷净速率 (Duplex, GB/s) | O16: 计算依据与底层协议开销说明
E17: x1 | F17: x2 | G17: x4 | H17: x8 | I17: x16 | J17: x1 | K17: x2 | L17: x4 | M17: x8 | N17: x16
A18: PCIe 3.0 | B18: 8 | C18: 128b/130b 块编码 | D18: 0.9846 | E18: 0.9846 | F18: =E18*2 -> 1.9692 | G18: =E18*4 -> 3.9384 | H18: =E18*8 -> 7.8768 | I18: =E18*16 -> 15.7536 | J18: =E18*2 -> 1.9692 | K18: =F18*2 -> 3.9384 | L18: =G18*2 -> 7.8768 | M18: =H18*2 -> 15.7536 | N18: =I18*2 -> 31.5072 | O18: 128b/130b 消除 20% 8b/10b 惩罚；x1 净速率 8*128/130/8 = 0.9846 GB/s；x16 双向 31.51 GB/s
A19: PCIe 4.0 | B19: 16 | C19: 128b/130b 块编码 | D19: 0.9846 | E19: 1.9692 | F19: =E19*2 -> 3.9384 | G19: =E19*4 -> 7.8768 | H19: =E19*8 -> 15.7536 | I19: =E19*16 -> 31.5072 | J19: =E19*2 -> 3.9384 | K19: =F19*2 -> 7.8768 | L19: =G19*2 -> 15.7536 | M19: =H19*2 -> 31.5072 | N19: =I19*2 -> 63.0144 | O19: 时钟翻倍；x1 净速率 16*128/130/8 = 1.9692 GB/s；x16 双向 63.02 GB/s
A20: PCIe 5.0 | B20: 32 | C20: 128b/130b 块编码 | D20: 0.9846 | E20: 3.9385 | F20: =E20*2 -> 7.877 | G20: =E20*4 -> 15.754 | H20: =E20*8 -> 31.508 | I20: =E20*16 -> 63.016 | J20: =E20*2 -> 7.877 | K20: =F20*2 -> 15.754 | L20: =G20*2 -> 31.508 | M20: =H20*2 -> 63.016 | N20: =I20*2 -> 126.032 | O20: 时钟再次翻倍；x1 净速率 32*128/130/8 = 3.9385 GB/s；x16 双向 126.03 GB/s
A21: PCIe 6.0 | B21: 64 | C21: PAM4 + 256B FLIT (242B 净荷/8B CRC/6B FEC) | D21: 0.9453 | E21: 7.5625 | F21: =E21*2 -> 15.125 | G21: =E21*4 -> 30.25 | H21: =E21*8 -> 60.5 | I21: =E21*16 -> 121 | J21: =E21*2 -> 15.125 | K21: =F21*2 -> 30.25 | L21: =G21*2 -> 60.5 | M21: =H21*2 -> 121 | N21: =I21*2 -> 242 | O21: 引入 PAM4 与固定 256B FLIT，净载荷 242/256 = 94.53%；x1 净速率 64*242/256/8 = 7.5625 GB/s；x16 双向 242.0 GB/s
A22: PCIe 7.0 | B22: 128 | C22: PAM4 + 256B FLIT (242B 净荷/8B CRC/6B FEC) | D22: 0.9453 | E22: 15.125 | F22: =E22*2 -> 30.25 | G22: =E22*4 -> 60.5 | H22: =E22*8 -> 121 | I22: =E22*16 -> 242 | J22: =E22*2 -> 30.25 | K22: =F22*2 -> 60.5 | L22: =G22*2 -> 121 | M22: =H22*2 -> 242 | N22: =I22*2 -> 484 | O22: Baud 速率提升至 64 Gbaud (128 GT/s)；x1 净速率 128*242/256/8 = 15.125 GB/s；x16 双向 484.0 GB/s
A24: ★ 工程对照注记：在系统顶层架构图与产业界工程交流中（包括参考全景图），通常直接采用【表 1.1】的标称理论数值（如 PCIe 3.0 x16 双向标称为 32 GB/s，PCIe 4.0 x16 标称为 64 GB/s，PCIe 5.0 x16 标称为 128 GB/s，PCIe 6.0 x16 标称为 256 GB/s，PCIe 7.0 x16 标称为 512 GB/s）。而在微架构硬件仿真、底层 DMA 吞吐极限核算中，应参照【表 1.2】中扣除物理层编码开销后的理论有效载荷净速率。

Sheet NVLink代际与端口带宽
A1: NVIDIA NVLink 代际物理层、端口与单卡聚合带宽速查表 (NVLink Interconnect Matrix)
A2: 涵盖 NVLink 1.0 ~ 6.0 单 Lane 差分对、单端口/单链路与单卡聚合的单向/双向带宽演进及 NVSwitch Scale-Up 规格
A4: 【表 2.1】NVLink 1.0 ~ 6.0 规格演进与带宽阶梯对照表
A5: NVLink 代际 | B5: 发布年份 | C5: 对应GPU架构与旗舰芯片 | D5: SerDes 调制与 单Lane速率 | E5: 单 Lane (差分对) 带宽 | H5: 单端口 / 单链路 (Per Link / Port) 结构与带宽 | L5: 单卡 (Per GPU) 聚合带宽 | P5: Scale-Up 组网扩展与配套芯片
E6: 物理速率 (Gbps) | F6: 单向带宽 (GB/s) | G6: 双向带宽 (Duplex, GB/s) | H6: 单向差分 (Lanes) | I6: 总差分对 (Tx+Rx) | J6: 单向带宽 (GB/s) | K6: 双向带宽 (Duplex, GB/s) | L6: 集成链路 (Links) | M6: 单向聚合 (GB/s) | N6: 双向聚合 (Duplex, GB/s) | O6: 聚合标称 (TB/s) | P6: 配套 NVSwitch 芯片 / 组网拓扑 | Q6: 单交换芯片 容量 (TB/s) | R6: 最大单域全互联 GPU 规模
A7: NVLink 1.0 | B7: 2016 | C7: Pascal (Tesla P100 SXM2) | D7: 20 Gbps NRZ | E7: 20 | F7: =E7/8 -> 2.5 | G7: =F7*2 -> 5 | H7: 8 | I7: =H7*2 -> 16 | J7: =F7*H7 -> 20 | K7: =J7*2 -> 40 | L7: 4 | M7: =J7*L7 -> 80 | N7: =K7*L7 -> 160 | O7: =N7/1000 -> 0.16 | P7: 无 NVSwitch / P2P Mesh 混合拓扑 | Q7: - | R7: 8 GPUs (Cube Mesh)
A8: NVLink 2.0 | B8: 2017 | C8: Volta (Tesla V100 SXM2/3) | D8: 25.78 Gbps NRZ (~25G) | E8: 25 | F8: =E8/8 -> 3.125 | G8: =F8*2 -> 6.25 | H8: 8 | I8: =H8*2 -> 16 | J8: =F8*H8 -> 25 | K8: =J8*2 -> 50 | L8: 6 | M8: =J8*L8 -> 150 | N8: =K8*L8 -> 300 | O8: =N8/1000 -> 0.3 | P8: NVSwitch 1 (18 Ports, DGX-2 节点) | Q8: 0.9 | R8: 16 GPUs (全无收敛 Crossbar)
A9: NVLink 3.0 | B9: 2020 | C9: Ampere (A100 SXM4) | D9: 50 Gbps PAM4 (25 Gbaud) | E9: 50 | F9: =E9/8 -> 6.25 | G9: =F9*2 -> 12.5 | H9: 4 | I9: =H9*2 -> 8 | J9: =F9*H9 -> 25 | K9: =J9*2 -> 50 | L9: 12 | M9: =J9*L9 -> 300 | N9: =K9*L9 -> 600 | O9: =N9/1000 -> 0.6 | P9: NVSwitch 2 (36 Ports, DGX A100 节点) | Q9: 1.8 | R9: 16 GPUs (单节点/双节点扩展)
A10: NVLink 4.0 | B10: 2022 | C10: Hopper (H100 SXM5 / H200) | D10: 100 Gbps PAM4 (50 Gbaud) | E10: 100 | F10: =E10/8 -> 12.5 | G10: =F10*2 -> 25 | H10: 2 | I10: =H10*2 -> 4 | J10: =F10*H10 -> 25 | K10: =J10*2 -> 50 | L10: 18 | M10: =J10*L10 -> 450 | N10: =K10*L10 -> 900 | O10: =N10/1000 -> 0.9 | P10: NVSwitch 3 (64 Ports, DGX H100 节点) | Q10: 3.2 | R10: 256 GPUs (NVLink Network 跨节点)
A11: NVLink 5.0 | B11: 2024 | C11: Blackwell (B200 / GB200) | D11: 200 Gbps PAM4 (100 Gbaud) | E11: 200 | F11: =E11/8 -> 25 | G11: =F11*2 -> 50 | H11: 2 | I11: =H11*2 -> 4 | J11: =F11*H11 -> 50 | K11: =J11*2 -> 100 | L11: 18 | M11: =J11*L11 -> 900 | N11: =K11*L11 -> 1800 | O11: =N11/1000 -> 1.8 | P11: NVSwitch 4 (72 Ports, NVL72 机架级) | Q11: 7.2 | R11: 72 GPUs (NVL72) / 576 GPUs
A12: NVLink 6.0 | B12: 2026+ | C12: Rubin (R100 / GR200) | D12: 400 Gbps PAM4 (SerDes 400G) | E12: 400 | F12: =E12/8 -> 50 | G12: =F12*2 -> 100 | H12: 2 | I12: =H12*2 -> 4 | J12: =F12*H12 -> 100 | K12: =J12*2 -> 200 | L12: 18 | M12: =J12*L12 -> 1800 | N12: =K12*L12 -> 3600 | O12: =N12/1000 -> 3.6 | P12: Next-gen NVSwitch 5 (NVL576 机架级) | Q12: 14.4 | R12: 576 GPUs (全铜缆/光电混合互联)
A14: ★ 架构演进洞察：NVLink 每一代的演进策略呈现出极其鲜明的底层物理规律：随着 SerDes 单通道速率从 20 Gbps (NRZ) 大幅跃升至 400 Gbps (PAM4)（提升 20 倍），单链路所需的物理差分对数从 8 对大幅缩减至 2 对。这极大地节约了 GPU 芯片引脚与 PCB 走线布线空间，使得单 GPU 集成的 NVLink 链路数得以从 4 根激增至 18 根！在保持单链路双向带宽适度增长（40GB/s -> 50GB/s -> 100GB/s -> 200GB/s）的同时，通过多链路堆叠与 NVSwitch 硬件网络化，实现了单卡双向聚合带宽从 160 GB/s 到 3,600 GB/s (3.6 TB/s) 的超高几何级飞跃。

Sheet ConnectX网卡端口带宽
A1: NVIDIA / Mellanox ConnectX 网卡单端口最大带宽与硬件规格表 (ConnectX NIC Matrix)
A2: 涵盖 ConnectX-3 ~ ConnectX-9 各代际单端口最大单向/双向传输带宽、主机接口匹配度与 Scale-Out 网络规格
A4: 【表 3.1】ConnectX 各代际单端口最大带宽与网络规格对照表
A5: 网卡产品代际 | B5: 发布年份 | C5: 对应AI算力代际 | D5: 支持网络协议与 标称代际 | E5: 单端口最大传输带宽 | H5: 主机总线匹配规格 (Host PCIe Interface) | K5: 物理层与 Scale-Out 硬件技术
E6: 标称速率 (Gbps) | F6: 单向带宽 (GB/s) | G6: 双向带宽 (Duplex, GB/s) | H6: 匹配主机 PCIe 规格 | I6: 主机单向理论 带宽 (GB/s) | J6: 主机总线带宽 匹配状态 | K6: 物理接口形态 (Form Factor) | L6: SerDes 通道 物理配置 | M6: Scale-Out 关键硬件特性与网络技术
A7: ConnectX-3 / 3 Pro* | B7: 2011/2014 | C7: 早期历史参考 | D7: FDR InfiniBand (56G) / 40GbE | E7: 56 | F7: =E7/8 -> 7 | G7: =F7*2 -> 14 | H7: PCIe 3.0 x8 | I7: 8 | J7: 充分匹配 (无瓶颈) | K7: QSFP+ | L7: 4x14G NRZ | M7: RDMA / RoCEv1/v2, 硬件无损传输, 早期超算/分布式存储常用
A8: ConnectX-4 / 4 Lx | B8: 2014/2015 | C8: Pascal (2016) | D8: EDR InfiniBand (100G) / 100GbE | E8: 100 | F8: =E8/8 -> 12.5 | G8: =F8*2 -> 25 | H8: PCIe 3.0 x16 | I8: 16 | J8: 充分匹配 (无瓶颈) | K8: QSFP28 | L8: 4x25G NRZ | M8: EDR 100G, GPUDirect RDMA, RoCEv2 拥塞控制, 硬件重传
A9: ConnectX-5 / 5 Ex | B9: 2016/2017 | C9: Volta (2017-2018) | D9: EDR / HDR100 IB / 100GbE | E9: 100 | F9: =E9/8 -> 12.5 | G9: =F9*2 -> 25 | H9: PCIe 3.0/4.0 x16 | I9: 16 | J9: 充分匹配 (无瓶颈) | K9: QSFP28 | L9: 4x25G NRZ | M9: 增强型 RoCE, 硬件包重排序, SHARP v1 在网计算加速
A10: ConnectX-6 / 6 Dx | B10: 2018/2020 | C10: Ampere (2020) | D10: HDR InfiniBand (200G) / 200GbE | E10: 200 | F10: =E10/8 -> 25 | G10: =F10*2 -> 50 | H10: PCIe 4.0 x16 | I10: 32 | J10: 充分匹配 (无瓶颈) | K10: QSFP56 | L10: 4x50G PAM4 | M10: HDR 200G, SHARP v2 在网计算, TLS/IPsec 硬件线速加解密卸载
A11: ConnectX-7 | B11: 2021/2022 | C11: Hopper (2022) | D11: NDR InfiniBand (400G) / 400GbE | E11: 400 | F11: =E11/8 -> 50 | G11: =F11*2 -> 100 | H11: PCIe 5.0 x16 | I11: 64 | J11: 充分匹配 (无瓶颈) | K11: OSFP / QSFP-DD | L11: 4x100G PAM4 | M11: NDR 400G, 自适应路由 (Adaptive Routing), 动态拥塞控制, 生成式AI专用网络
A12: ConnectX-8 (SuperNIC) | B12: 2024 | C12: Blackwell (2024) | D12: XDR InfiniBand (800G) / 800GbE | E12: 800 | F12: =E12/8 -> 100 | G12: =F12*2 -> 200 | H12: PCIe 6.0 x16 | I12: 128 | J12: 充分匹配 (无瓶颈) | K12: OSFP 800G | L12: 8x100G / 4x200G PAM4 | M12: XDR 800G, 生成式 AI 专用 SuperNIC, 纳秒级遥测流控, RoCE 自适应重传优化
A13: ConnectX-9 (SuperNIC) | B13: 2026+ | C13: Rubin (2026+) | D13: UDR InfiniBand (1.6T) / 1.6TbE | E13: 1600 | F13: =E13/8 -> 200 | G13: =F13*2 -> 400 | H13: PCIe 7.0 x16 | I13: 256 | J13: 充分匹配 (无瓶颈) | K13: OSFP 1.6T | L13: 8x200G PAM4 | M13: 1.6T 超高吞吐, 纳秒级在网聚合, 超大规模分布式集群 Scale-Out 无阻塞拓扑
A15: ★ 单端口 vs 整机网卡网络注入说明：本表列出的是 ConnectX 单端口最大传输带宽（如 CX7 单口双向 100 GB/s，对应 400 Gbps；CX8 单口双向 200 GB/s，对应 800 Gbps）。在现代典型 8 卡 AI 训练与推理服务器（如 DGX H100 / DGX B200）中，通常配置 8 块单端口或 4 块双端口 ConnectX 网卡（与 8 颗 GPU 形成 1:1 Rail-Optimized 独立轨拓扑），整机外部注入带宽为单端口带宽的 8 倍（如 8×CX7 NDR 400G 带来 800 GB/s 双向聚合节点外注入吞吐）。

Sheet AI算力互联全景对比总览
A1: 六大 AI 算力时代三层互联带宽阶梯全景对比表 (Interconnect Generational Evolution & Bandwidth Ladder)
A2: 严格对应《AI 算力互联代际演进与带宽阶梯全景图》—— GPU Scale-Up vs Host Bus vs Scale-Out 网络
A4: 【表 4.1】AI 算力互联三层网络带宽阶梯与倍数对比总览 (Interconnect Evolution Matrix)
A5: 算力代际 | B5: 时代年份 | C5: 核心旗舰 GPU 芯片 | D5: 【板块一】单卡双向聚合带宽 (Aggregate Duplex, GB/s) | G5: 【板块二】单链路 / 通道 / 端口双向带宽 (Duplex, GB/s) | K5: 互联带宽阶梯倍率 (Multipliers) | N5: 系统瓶颈与互联拓扑演进特征
D6: NVLink (Scale-Up) | E6: PCIe x16 (Host Bus) | F6: ConnectX (Scale-Out) | G6: PCIe x16 (整链路) | H6: NVLink (单链路) | I6: ConnectX (单端口) | J6: PCIe x1 (单通道) | K6: NVLink/PCIe (Scale-Up/Host) | L6: NVLink/CX (Scale-Up/Out) | M6: PCIe/CX (Host/Port)
A7: Pascal 时代 | B7: 2016 | C7: Tesla P100 (SXM2) | D7: =NVLink代际与端口带宽!N7 -> 160 | E7: =PCIe代际与通道带宽!O9 -> 32 | F7: =ConnectX网卡端口带宽!G8 -> 25 | G7: =PCIe代际与通道带宽!O9 -> 32 | H7: =NVLink代际与端口带宽!K7 -> 40 | I7: =ConnectX网卡端口带宽!G8 -> 25 | J7: =PCIe代际与通道带宽!K9 -> 2 | K7: =D7/E7 -> 5 | L7: =D7/F7 -> 6.4 | M7: =G7/I7 -> 1.28 | N7: NVLink 1 首度商用 (4根Link/160GB/s)；主机总线为 PCIe 3.0 x16 (32GB/s)；网络注入为 CX4 100G (25GB/s)
A8: Volta 时代 | B8: 2017-2018 | C8: Tesla V100 (SXM2/3) | D8: =NVLink代际与端口带宽!N8 -> 300 | E8: =PCIe代际与通道带宽!O9 -> 32 | F8: =ConnectX网卡端口带宽!G9 -> 25 | G8: =PCIe代际与通道带宽!O9 -> 32 | H8: =NVLink代际与端口带宽!K8 -> 50 | I8: =ConnectX网卡端口带宽!G9 -> 25 | J8: =PCIe代际与通道带宽!K9 -> 2 | K8: =D8/E8 -> 9.375 | L8: =D8/F8 -> 12 | M8: =G8/I8 -> 1.28 | N8: NVLink 2 扩展至 6 根 Link (300GB/s)，首度引入 NVSwitch 实现 DGX-2 16卡全互联；PCIe 3.0 保持不变成为显著瓶颈
A9: Ampere 时代 | B9: 2020 | C9: A100 (SXM4) | D9: =NVLink代际与端口带宽!N9 -> 600 | E9: =PCIe代际与通道带宽!O10 -> 64 | F9: =ConnectX网卡端口带宽!G10 -> 50 | G9: =PCIe代际与通道带宽!O10 -> 64 | H9: =NVLink代际与端口带宽!K9 -> 50 | I9: =ConnectX网卡端口带宽!G10 -> 50 | J9: =PCIe代际与通道带宽!K10 -> 4 | K9: =D9/E9 -> 9.375 | L9: =D9/F9 -> 12 | M9: =G9/I9 -> 1.28 | N9: NVLink 3 翻倍至 12 根 Link (600GB/s)；PCIe 4.0 升级至 64GB/s；CX6 200G 网卡带来 50GB/s 注入；Scale-Up优势持续扩大
A10: Hopper 时代 | B10: 2022 | C10: H100 (SXM5) / H200 | D10: =NVLink代际与端口带宽!N10 -> 900 | E10: =PCIe代际与通道带宽!O11 -> 128 | F10: =ConnectX网卡端口带宽!G11 -> 100 | G10: =PCIe代际与通道带宽!O11 -> 128 | H10: =NVLink代际与端口带宽!K10 -> 50 | I10: =ConnectX网卡端口带宽!G11 -> 100 | J10: =PCIe代际与通道带宽!K11 -> 8 | K10: =D10/E10 -> 7.03125 | L10: =D10/F10 -> 9 | M10: =G10/I10 -> 1.28 | N10: NVLink 4 跃升至 18 根 Link (900GB/s) 并支持跨节点网络；PCIe 5.0 (128GB/s) 与 CX7 400G (100GB/s) 全面对齐进入 100G+ 阶梯
A11: Blackwell 时代 | B11: 2024 | C11: B200 (SXM6) / GB200 | D11: =NVLink代际与端口带宽!N11 -> 1800 | E11: =PCIe代际与通道带宽!O12 -> 256 | F11: =ConnectX网卡端口带宽!G12 -> 200 | G11: =PCIe代际与通道带宽!O12 -> 256 | H11: =NVLink代际与端口带宽!K11 -> 100 | I11: =ConnectX网卡端口带宽!G12 -> 200 | J11: =PCIe代际与通道带宽!K12 -> 16 | K11: =D11/E11 -> 7.03125 | L11: =D11/F11 -> 9 | M11: =G11/I11 -> 1.28 | N11: NVLink 5 翻倍至 1,800GB/s (1.8TB/s)，NVL72 机架级铜缆互联；PCIe 6.0 (256GB/s)；CX8 800G (200GB/s)；单机Scale-Up进入TB时代
A12: Rubin 时代 | B12: 2026+ | C12: Rubin R100 (SXM7) | D12: =NVLink代际与端口带宽!N12 -> 3600 | E12: =PCIe代际与通道带宽!O13 -> 512 | F12: =ConnectX网卡端口带宽!G13 -> 400 | G12: =PCIe代际与通道带宽!O13 -> 512 | H12: =NVLink代际与端口带宽!K12 -> 200 | I12: =ConnectX网卡端口带宽!G13 -> 400 | J12: =PCIe代际与通道带宽!K13 -> 32 | K12: =D12/E12 -> 7.03125 | L12: =D12/F12 -> 9 | M12: =G12/I12 -> 1.28 | N12: NVLink 6 冲击 3,600GB/s (3.6TB/s) 超高吞吐；PCIe 7.0 (512GB/s)；CX9 1.6T (400GB/s) 超高速注入；NVL576 超级机架集群
A14: ★ 核心架构洞察与工程解析 (Architectural Insights & Engineering Notes)
A15: 1. 单链路维度 vs 单卡聚合维度的本质差异：PCIe x16 是完整的单物理链路（由 16 个 Lane 物理聚合而成）。在单物理链路维度，PCIe x16 带宽始终领先于 NVLink 单链路（如 PCIe 5.0 x16 达 128 GB/s，而 NVLink 4 单链路为 50 GB/s）。然而在单卡聚合维度，NVLink 凭借多链路堆叠（Hopper/Blackwell 均达到 18 根 Link）与 NVSwitch 硬件交换机网络化，单卡双向聚合带宽全面超越 PCIe 总线达 5~9 倍（Hopper 时代 NVLink 900 GB/s vs PCIe 128 GB/s，达 7.0x；Blackwell 时代 NVLink 1,800 GB/s vs PCIe 256 GB/s，达 7.0x），构建起超大规模 GPU 统一内存池与 Scale-Up 互联壁垒。
A16: 2. Host CPU 成为物理瓶颈与「Host CPU 零数据拷贝」铁律：从 Hopper 时代起，GPU Scale-Up 域带宽（900~1,800 GB/s）与宿主机总线（128~256 GB/s）存在一个数量级的悬殊差距。如果 KVCache 换出或调度经过宿主机 CPU 内存（Host DDR）中转，将产生极大的总线拥塞与 CPU 拷贝时延。因此，高性能大模型推理架构必须实现「Host CPU 零数据拷贝（CPU 仅负责下发控制指令，正文数据通过 NVLink Direct-View 或 RDMA/URMA 跨设备直读，严格绕过 Host DDR）」。
A17: 3. Scale-Out 网络协同与跨节点分层中继防 Incast：ConnectX 系列网卡单端口带宽从 CX4 (25 GB/s, 100G) 稳步提升至 CX8 (200 GB/s, 800G) 与 CX9 (400 GB/s, 1.6T)，与当期宿主机 PCIe 总线保持了高度契合的带宽饱和度。然而，节点内 NVLink 带宽始终是单网卡注入带宽的 9~18 倍。跨节点分布式推理调度如果采用无语义切片多网卡并发发送，极易触发网络 Incast 拥塞导致尾延迟抖动；必须依托张量并行 (TP) 组内拓扑感知，采用软件分层中继转发 (Staging Fanout) 接力广播热点前缀数据。
